{"cameraMode":{"drawMode":0,"name":"Shaded","section":"Shading Mode"},"sceneLighting":true,"audioPlay":false,"sceneViewState":{"m_AlwaysRefresh":false,"showFog":true,"showSkybox":true,"showFlares":true,"showImageEffects":true,"showParticleSystems":true,"showVisualEffectGraphs":true,"m_FxEnabled":true},"in2DMode":false,"pivot":{"x":1.9551353454589844,"y":-17.015716552734376,"z":110.79335021972656},"rotation":{"x":0.18965895473957063,"y":0.5454971790313721,"z":-0.13945773243904115,"w":0.805285632610321},"size":19.621389389038087,"orthographic":false}