{"cameraMode":{"drawMode":0,"name":"Shaded","section":"Shading Mode"},"sceneLighting":true,"audioPlay":false,"sceneViewState":{"m_AlwaysRefresh":false,"showFog":true,"showSkybox":true,"showFlares":true,"showImageEffects":true,"showParticleSystems":true,"showVisualEffectGraphs":true,"m_FxEnabled":true},"in2DMode":false,"pivot":{"x":132.34396362304688,"y":90.81381225585938,"z":15.097949981689454},"rotation":{"x":-0.112862728536129,"y":-0.13182532787322999,"z":0.014720957726240158,"w":-0.9852718114852905},"size":117.62838745117188,"orthographic":false}