{"cameraMode":{"drawMode":0,"name":"Shaded","section":"Shading Mode"},"sceneLighting":true,"audioPlay":false,"sceneViewState":{"m_AlwaysRefresh":false,"showFog":true,"showSkybox":true,"showFlares":true,"showImageEffects":true,"showParticleSystems":true,"showVisualEffectGraphs":true,"m_FxEnabled":true},"in2DMode":false,"pivot":{"x":-18.277536392211915,"y":-24.062705993652345,"z":61.800540924072269},"rotation":{"x":-0.09385363757610321,"y":0.8973080515861511,"z":-0.38618549704551699,"w":-0.19598810374736787},"size":48.684906005859378,"orthographic":false}