{"cameraMode":{"drawMode":0,"name":"Shaded","section":"Shading Mode"},"sceneLighting":true,"audioPlay":false,"sceneViewState":{"m_AlwaysRefresh":false,"showFog":true,"showSkybox":true,"showFlares":true,"showImageEffects":true,"showParticleSystems":true,"showVisualEffectGraphs":true,"m_FxEnabled":true},"in2DMode":false,"pivot":{"x":19.770626068115236,"y":-15.837079048156739,"z":26.420835494995118},"rotation":{"x":-0.14482776820659638,"y":0.8209049105644226,"z":-0.23946808278560639,"w":-0.4987761080265045},"size":28.21820068359375,"orthographic":false}