{"cameraMode":{"drawMode":0,"name":"Shaded","section":"Shading Mode"},"sceneLighting":true,"audioPlay":false,"sceneViewState":{"m_AlwaysRefresh":false,"showFog":true,"showSkybox":true,"showFlares":true,"showImageEffects":true,"showParticleSystems":true,"showVisualEffectGraphs":true,"m_FxEnabled":true},"in2DMode":false,"pivot":{"x":-19.686752319335939,"y":-3.4668056964874269,"z":-113.4041976928711},"rotation":{"x":-0.026649093255400659,"y":-0.8942325711250305,"z":0.053718019276857379,"w":-0.44359254837036135},"size":16.744932174682618,"orthographic":false}